Equipo,id_equipo
Arenal Emeve,1-2020-2021
Barca Voleibol,2-2020-2021
CV Teruel,3-2020-2021
Manacor,4-2020-2021
Guaguas,5-2020-2021
CV Melilla,6-2020-2021
Rio Duero Soria,7-2020-2021
Rotogal Boiro,8-2020-2021
Grau,9-2020-2021
Ibiza Voley,10-2020-2021
Unicaja Almeria,11-2020-2021
Voley Palma,12-2020-2021
Voleibol Almoradi,13-2020-2021
Voley Textil Santanderina,14-2020-2021
